<?xml version="1.0" encoding="UTF-8" standalone="yes"?>
<ns2:boBeanNodeDescriptor xmlns:ns2="http://schema.linogistix.com/bobeandescriptor">
    <descriptions>
        
        <entry>
            <key>locked</key>
            <value>
                <group>
                    <name>basic</name>
                </group>
                <hidden>true</hidden>
                <position>3</position>
            </value>
        </entry>
        <entry>
            <key>lock</key>
            <value>
                <group>
                    <name>lock</name>
                </group>
                <hidden>false</hidden>
                <position>99</position>
            </value>
        </entry>
        <entry>
            <key>version</key>
            <value>
                <group>
                    <name>basic</name>
                </group>
                <hidden>true</hidden>
                <position>0</position>
            </value>
        </entry>
        <entry>
            <key>created</key>
            <value>
                <group>
                    <name>basic</name>
                </group>
                <hidden>false</hidden>
                <position>1</position>
            </value>
        </entry>
        <entry>
            <key>modified</key>
            <value>
                <group>
                    <name>basic</name>
                </group>
                <hidden>false</hidden>
                <position>2</position>
            </value>
        </entry>
        <entry>
            <key>additionalContent</key>
            <value>
                <group>
                    <name>basic</name>
                </group>
                <hidden>false</hidden>
                <position>3</position>
            </value>
        </entry>
        <entry>
            <key>class</key>
            <value>
                <group>
                    <name>basic</name>
                </group>
                <hidden>true</hidden>
                <position>0</position>
            </value>
        </entry>
        <entry>
            <key>id</key>
            <value>
                <group>
                    <name>basic</name>
                </group>
                <hidden>true</hidden>
                <position>0</position>
            </value>
        </entry>
    </descriptions>
    <forClass>org.mywms.model.BasicEntity</forClass>
    <groups>
        <groupPosition>1</groupPosition>
        <hidden>false</hidden>
        <name>basic</name>
    </groups>
    <groups>
        <groupPosition>2</groupPosition>
        <hidden>false</hidden>
        <name>lock</name>
    </groups>
</ns2:boBeanNodeDescriptor>