<?xml version="1.0" encoding="UTF-8" standalone="yes"?>
<ns2:boBeanNodeDescriptor xmlns:ns2="http://schema.linogistix.com/bobeandescriptor">
    <descriptions>
        <entry>
            <key>number</key>
            <value>
                <group>
                    <name>main</name>
                </group>
                <hidden>false</hidden>
                <position>1</position>
            </value>
        </entry>
        <entry>
            <key>name</key>
            <value>
                <group>
                    <name>main</name>
                </group>
                <hidden>false</hidden>
                <position>2</position>
            </value>
        </entry>
        <entry>
            <key>description</key>
            <value>
                <group>
                    <name>main</name>
                </group>
                <hidden>false</hidden>
                <position>3</position>
            </value>
        </entry>
        <entry>
            <key>safetyStock</key>
            <value>
                <group>
                    <name>main</name>
                </group>
                <hidden>false</hidden>
                <position>4</position>
            </value>
        </entry>
        <entry>
            <key>defaultUnitLoadType</key>
            <value>
                <group>
                    <name>main</name>
                </group>
                <hidden>false</hidden>
                <position>5</position>
            </value>
        </entry>
		<entry>
			<key>tradeGroup</key>
			<value>
				<group>
					<name>main</name>
				</group>
				<hidden>false</hidden>
				<position>6</position>
			</value>
		</entry>
		<entry>
			<key>numberList</key>
			<value>
				<group>
					<name>main</name>
				</group>
				<hidden>false</hidden>
				<position>7</position>
				<typeHint>org.mywms.model.ItemDataNumber</typeHint>
			</value>
		</entry>

        <entry>
            <key>zone</key>
            <value>
                <group>
                    <name>controlproperties</name>
                </group>
                <hidden>false</hidden>
                <position>1</position>
            </value>
        </entry>
        <entry>
            <key>adviceMandatory</key>
            <value>
                <group>
                    <name>controlproperties</name>
                </group>
                <hidden>false</hidden>
                <position>2</position>
            </value>
        </entry>
        <entry>
            <key>lotMandatory</key>
            <value>
                <group>
                    <name>controlproperties</name>
                </group>
                <hidden>false</hidden>
                <position>3</position>
            </value>
        </entry>
        <entry>
    	    <key>lotSubstitutionType</key>
            <value>
                <group>
                    <name>controlproperties</name>
                </group>
                <hidden>false</hidden>
                <position>4</position>
            </value>
        </entry>
        <entry>
            <key>serialNoRecordType</key>
            <value>
                <group>
                    <name>controlproperties</name>
                </group>
                <hidden>false</hidden>
                <position>5</position>
            </value>
        </entry>
        <entry>
   		    <key>residualTermOfUsageGI</key>
            <value>
                <group>
                    <name>controlproperties</name>
                </group>
                <hidden>false</hidden>
                <position>5</position>
            </value>
        </entry>

		<entry>
            <key>handlingUnit</key>
            <value>
                <group>
                    <name>unit</name>
                </group>
                <hidden>false</hidden>
                <position>1</position>
            </value>
        </entry>
        <entry>
            <key>scale</key>
            <value>
                <group>
                    <name>unit</name>
                </group>
                <hidden>false</hidden>
                <position>2s</position>
            </value>
        </entry>

		<entry>
			<key>height</key>
			<value>
				<group>
					<name>measurement</name>
				</group>
				<hidden>false</hidden>
				<position>6</position>
			</value>
		</entry>
		<entry>
			<key>width</key>
			<value>
				<group>
					<name>measurement</name>
				</group>
				<hidden>false</hidden>
				<position>7</position>
			</value>
		</entry>
		<entry>
			<key>depth</key>
			<value>
				<group>
					<name>measurement</name>
				</group>
				<hidden>false</hidden>
				<position>8</position>
			</value>
		</entry>
		<entry>
			<key>volume</key>
			<value>
				<group>
					<name>measurement</name>
				</group>
				<hidden>true</hidden>
				<position>9</position>
			</value>
		</entry>
		<entry>
			<key>weight</key>
			<value>
				<group>
					<name>measurement</name>
				</group>
				<hidden>false</hidden>
				<position>10</position>
			</value>
		</entry>

    
    </descriptions>
    
    <forClass>org.mywms.model.Lot</forClass>
    <groups>
        <groupPosition>10</groupPosition>
        <hidden>false</hidden>
        <name>main</name>
    </groups>
    <groups>
        <groupPosition>20</groupPosition>
        <hidden>false</hidden>
        <name>controlproperties</name>
    </groups>
	<groups>
        <groupPosition>30</groupPosition>
        <hidden>false</hidden>
        <name>unit</name>
    </groups>
	<groups>
		<groupPosition>40</groupPosition>
		<hidden>false</hidden>
		<name>measurement</name>
	</groups>
</ns2:boBeanNodeDescriptor>