<?xml version="1.0" encoding="UTF-8" standalone="yes"?>
<ns2:boBeanNodeDescriptor xmlns:ns2="http://schema.linogistix.com/bobeandescriptor">
    <descriptions>
        <entry>
            <key>adviceNumber</key>
            <value>
                <group>
                    <name>main</name>
                </group>
                <hidden>false</hidden>
                <position>1</position>
            </value>
        </entry>
		<entry>
			<key>externalAdviceNumber</key>
			<value>
				<group>
					<name>main</name>
				</group>
				<hidden>false</hidden>
				<position>2</position>
			</value>
		</entry>
		<entry>
			<key>adviceState</key>
			<value>
				<group>
					<name>main</name>
				</group>
				<hidden>false</hidden>
				<position>3</position>
			</value>
		</entry>
        <entry>
            <key>itemData</key>
            <value>
                <group>
                    <name>main</name>
                </group>
                <hidden>false</hidden>
                <position>4</position>
            </value>
        </entry>
        <entry>
            <key>notifiedAmount</key>
            <value>
                <group>
                    <name>main</name>
                </group>
                <hidden>false</hidden>
                <position>5</position>
            </value>
        </entry>
        <entry>
            <key>expectedDelivery</key>
            <value>
                <group>
                    <name>main</name>
                </group>
                <hidden>false</hidden>
                <position>6</position>
            </value>
        </entry>
		<entry>
			<key>overload</key>
			<value>
				<group>
					<name>main</name>
				</group>
				<hidden>true</hidden>
				<position>7</position>
			</value>
		</entry>
		<entry>
			<key>goodsToCome</key>
			<value>
				<group>
					<name>main</name>
				</group>
				<hidden>true</hidden>
				<position>8</position>
			</value>
		</entry>

        <entry>
            <key>lot</key>
            <value>
                <group>
                    <name>lot</name>
                </group>
                <hidden>false</hidden>
                <position>1</position>
            </value>
        </entry>
        <entry>
            <key>expireBatch</key>
            <value>
                <group>
                    <name>lot</name>
                </group>
                <hidden>false</hidden>
                <position>2</position>
            </value>
        </entry>

        <entry>
            <key>receiptAmount</key>
            <value>
                <group>
                    <name>income</name>
                </group>
                <hidden>false</hidden>
                <position>1</position>
            </value>
        </entry>
		<entry>
			<key>diffAmount</key>
			<value>
				<group>
					<name>income</name>
				</group>
				<hidden>false</hidden>
				<position>2</position>
			</value>
		</entry>
        <entry>
            <key>grPositionList</key>
            <value>
                <group>
                    <name>income</name>
                </group>
                <hidden>false</hidden>
                <position>3</position>
                <typeHint>de.linogistix.los.inventory.model.LOSGoodsReceiptPosition</typeHint>
            </value>
        </entry>

		
    </descriptions>
    <groups>
        <groupPosition>10</groupPosition>
        <hidden>false</hidden>
        <name>main</name>
    </groups>
    <groups>
        <groupPosition>11</groupPosition>
        <hidden>false</hidden>
        <name>lot</name>
    </groups>
    <groups>
        <groupPosition>12</groupPosition>
        <hidden>false</hidden>
        <name>income</name>
    </groups>
    
</ns2:boBeanNodeDescriptor>