<?xml version="1.0" encoding="UTF-8" standalone="yes"?>
<ns2:boBeanNodeDescriptor xmlns:ns2="http://schema.linogistix.com/bobeandescriptor">
    <descriptions>
        <entry>
            <key>number</key>
            <value>
                <group>
                    <name>main</name>
                </group>
                <hidden>true</hidden>
                <position>0</position>
            </value>
        </entry>
        <entry>
            <key>goodsReceiptNumber</key>
            <value>
                <group>
                    <name>main</name>
                </group>
                <hidden>false</hidden>
                <position>1</position>
            </value>
        </entry>
		<entry>
			<key>referenceNo</key>
			<value>
				<group>
					<name>main</name>
				</group>
				<hidden>false</hidden>
				<position>2</position>
			</value>
		</entry>
		<entry>
			<key>assignedAdvices</key>
			<value>
				<group>
					<name>main</name>
				</group>
				<hidden>false</hidden>
				<position>3</position>
				<typeHint>de.linogistix.los.inventory.model.LOSAdvice</typeHint>
			</value>
		</entry>
		<entry>
			<key>positionList</key>
			<value>
				<group>
					<name>main</name>
				</group>
				<hidden>false</hidden>
				<position>4</position>
				<typeHint>de.linogistix.los.inventory.model.LOSGoodsReceiptPosition</typeHint>
			</value>
		</entry>
		<entry>
			<key>receiptState</key>
			<value>
				<group>
					<name>main</name>
				</group>
				<hidden>false</hidden>
				<position>5</position>
			</value>
		</entry>
        <entry>
            <key>goodsInLocation</key>
            <value>
                <group>
                    <name>main</name>
                </group>
                <hidden>false</hidden>
                <position>6</position>
            </value>
        </entry>
        <entry>
            <key>operator</key>
            <value>
                <group>
                    <name>main</name>
                </group>
                <hidden>false</hidden>
                <position>7</position>
            </value>
        </entry>
        <entry>
            <key>parentRequestNumber</key>
            <value>
                <group>
                    <name>main</name>
                </group>
                <hidden>false</hidden>
                <position>8</position>
            </value>
        </entry>
        
		<entry>
			<key>deliveryNoteNumber</key>
			<value>
				<group>
					<name>delivery_data</name>
				</group>
				<hidden>false</hidden>
				<position>1</position>
			</value>
		</entry>
		<entry>
			<key>receiptDate</key>
			<value>
				<group>
					<name>delivery_data</name>
				</group>
				<hidden>false</hidden>
				<position>2</position>
			</value>
		</entry>
        <entry>
            <key>forwarder</key>
            <value>
                <group>
					<name>delivery_data</name>
                </group>
                <hidden>false</hidden>
                <position>3</position>
            </value>
        </entry>
        <entry>
            <key>driverName</key>
            <value>
                <group>
					<name>delivery_data</name>
                </group>
                <hidden>false</hidden>
                <position>4</position>
            </value>
        </entry>
        <entry>
            <key>licencePlate</key>
            <value>
                <group>
					<name>delivery_data</name>
                </group>
                <hidden>false</hidden>
                <position>5</position>
            </value>
        </entry>
    </descriptions>
    <groups>
        <groupPosition>10</groupPosition>
        <hidden>false</hidden>
        <name>main</name>
    </groups>
	<groups>
		<groupPosition>11</groupPosition>
		<hidden>false</hidden>
		<name>delivery_data</name>
	</groups>
    
</ns2:boBeanNodeDescriptor>