<?xml version="1.0" encoding="UTF-8" standalone="yes"?>
<ns2:boBeanNodeDescriptor xmlns:ns2="http://schema.linogistix.com/bobeandescriptor">
    <descriptions>
		<entry>
			<key>positionNumber</key>
			<value>
				<group>
					<name>main</name>
				</group>
				<hidden>false</hidden>
				<position>1</position>
			</value>
		</entry>
		<entry>
			<key>orderReference</key>
			<value>
				<group>
					<name>main</name>
				</group>
				<hidden>false</hidden>
				<position>2</position>
			</value>
		</entry>
        <entry>
			<key>goodsReceipt</key>
            <value>
                <group>
                    <name>main</name>
                </group>
                <hidden>false</hidden>
                <position>3</position>
				<typeHint>de.linogistix.los.inventory.model.LOSGoodsReceipt</typeHint>
            </value>
        </entry>
		<entry>
			<key>state</key>
			<value>
				<group>
					<name>main</name>
				</group>
				<hidden>false</hidden>
				<position>4</position>
			</value>
		</entry>
        <entry>
			<key>itemData</key>
            <value>
                <group>
                    <name>main</name>
                </group>
                <hidden>false</hidden>
                <position>5</position>
            </value>
        </entry>
		<entry>
			<key>lot</key>
			<value>
				<group>
					<name>main</name>
				</group>
				<hidden>false</hidden>
				<position>6</position>
			</value>
		</entry>
        <entry>
			<key>amount</key>
            <value>
                <group>
                    <name>main</name>
                </group>
                <hidden>false</hidden>
                <position>7</position>
            </value>
        </entry>
		
		<entry>
			<key>stockUnitStr</key>
			<value>
				<group>
					<name>main</name>
				</group>
				<hidden>true</hidden>
				<position>11</position>
			</value>
		</entry>
    </descriptions>
    <groups>
        <groupPosition>11</groupPosition>
        <hidden>false</hidden>
        <name>main</name>
    </groups>
    
</ns2:boBeanNodeDescriptor>