<?xml version="1.0" encoding="UTF-8" standalone="yes"?>
<ns2:boBeanNodeDescriptor xmlns:ns2="http://schema.linogistix.com/bobeandescriptor">
    <descriptions>
		<entry>
			<key>number</key>
			<value>
				<group>
					<name>main</name>
				</group>
				<hidden>false</hidden>
				<position>1</position>
			</value>
		</entry>
		<entry>
			<key>parentRequest</key>
			<value>
				<group>
					<name>main</name>
				</group>
				<hidden>false</hidden>
				<position>2</position>
				<typeHint>de.linogistix.los.inventory.model.LOSOrderRequest</typeHint>
			</value>
		</entry>
		<entry>
			<key>positionState</key>
			<value>
				<group>
					<name>main</name>
				</group>
				<hidden>false</hidden>
				<position>3</position>
			</value>
		</entry>
		<entry>
			<key>itemData</key>
			<value>
				<group>
					<name>main</name>
				</group>
				<hidden>false</hidden>
				<position>4</position>
			</value>
		</entry>
		<entry>
			<key>lot</key>
			<value>
				<group>
					<name>main</name>
				</group>
				<hidden>false</hidden>
				<position>5</position>
			</value>
		</entry>
		<entry>
			<key>amount</key>
			<value>
				<group>
					<name>main</name>
				</group>
				<hidden>false</hidden>
				<position>6</position>
			</value>
		</entry>
		<entry>
			<key>pickedAmount</key>
			<value>
				<group>
					<name>main</name>
				</group>
				<hidden>false</hidden>
				<position>7</position>
			</value>
		</entry>
		<entry>
			<key>partitionAllowed</key>
			<value>
				<group>
					<name>main</name>
				</group>
				<hidden>false</hidden>
				<position>8</position>
			</value>
		</entry>
        <entry>
			<key>positionIndex</key>
            <value>
                <group>
                    <name>main</name>
                </group>
                <hidden>false</hidden>
                <position>9</position>
            </value>
        </entry>
		
		<entry>
			<key>displayAmount</key>
			<value>
				<group>
					<name>main</name>
				</group>
				<hidden>true</hidden>
				<position>10</position>
			</value>
		</entry>
		<entry>
			<key>displayPickedAmount</key>
			<value>
				<group>
					<name>main</name>
				</group>
				<hidden>true</hidden>
				<position>11</position>
			</value>
		</entry>
		<entry>
			<key>parentRequestNumber</key>
			<value>
				<group>
					<name>main</name>
				</group>
				<hidden>true</hidden>
				<position>12</position>
			</value>
		</entry>


    </descriptions>
    <groups>
        <groupPosition>10</groupPosition>
        <hidden>false</hidden>
        <name>main</name>
    </groups>
    
</ns2:boBeanNodeDescriptor>