<?xml version="1.0" encoding="UTF-8" standalone="yes"?>
<ns2:boBeanNodeDescriptor xmlns:ns2="http://schema.linogistix.com/bobeandescriptor">
    <descriptions>
        <entry>
            <key>number</key>
            <value>
                <group>
                    <name>main</name>
                </group>
                <hidden>false</hidden>
                <position>1</position>
            </value>
        </entry>
		<entry>
			<key>parentRequestNumber</key>
			<value>
				<group>
					<name>main</name>
				</group>
				<hidden>false</hidden>
				<position>2</position>
			</value>
		</entry>
		<entry>
			<key>requestId</key>
			<value>
				<group>
					<name>main</name>
				</group>
				<hidden>false</hidden>
				<position>3</position>
			</value>
		</entry>
		<entry>
			<key>positions</key>
			<value>
				<group>
					<name>main</name>
				</group>
				<hidden>false</hidden>
				<position>4</position>
				<typeHint>de.linogistix.los.inventory.model.LOSOrderRequestPosition</typeHint>
			</value>
		</entry>
		<entry>
			<key>orderState</key>
			<value>
				<group>
					<name>main</name>
				</group>
				<hidden>false</hidden>
				<position>5</position>
			</value>
		</entry>
		<entry>
			<key>orderType</key>
			<value>
				<group>
					<name>main</name>
				</group>
				<hidden>false</hidden>
				<position>6</position>
			</value>
		</entry>
		<entry>
			<key>delivery</key>
			<value>
				<group>
					<name>main</name>
				</group>
				<hidden>false</hidden>
				<position>7</position>
			</value>
		</entry>
		<entry>
			<key>destination</key>
			<value>
				<group>
					<name>main</name>
				</group>
				<hidden>false</hidden>
				<position>8</position>
				<typeHint>de.linogistix.los.location.model.LOSStorageLocation</typeHint>
			</value>
		</entry>
		<entry>
			<key>documentUrl</key>
			<value>
				<group>
					<name>main</name>
				</group>
				<hidden>false</hidden>
				<position>9</position>
			</value>
		</entry>
        <entry>
			<key>labelUrl</key>
            <value>
                <group>
					<name>main</name>
                </group>
                <hidden>false</hidden>
                <position>10</position>
            </value>
        </entry>

		

    </descriptions>
    <groups>
        <groupPosition>10</groupPosition>
        <hidden>false</hidden>
        <name>main</name>
    </groups>
    
</ns2:boBeanNodeDescriptor>