<?xml version="1.0" encoding="UTF-8" standalone="yes"?>
<ns2:boBeanNodeDescriptor xmlns:ns2="http://schema.linogistix.com/bobeandescriptor">
    <descriptions>
        <entry>
            <key>number</key>
            <value>
                <group>
                    <name>main</name>
                </group>
                <hidden>false</hidden>
                <position>1</position>
            </value>
        </entry>
        <entry>
            <key>customerNumber</key>
            <value>
                <group>
                    <name>main</name>
                </group>
                <hidden>true</hidden>
                <position>2</position>
            </value>
        </entry>
		<entry>
			<key>positions</key>
			<value>
				<group>
					<name>main</name>
				</group>
				<hidden>false</hidden>
				<position>3</position>
				<typeHint>de.linogistix.los.inventory.picking.model.LOSPickRequestPosition</typeHint>
			</value>
		</entry>
        <entry>
            <key>parentRequest</key>
            <value>
                <group>
                    <name>main</name>
                </group>
                <hidden>false</hidden>
                <position>4</position>
				<typeHint>de.linogistix.los.inventory.model.LOSOrderRequest</typeHint>
            </value>
        </entry>
		<entry>
			<key>state</key>
			<value>
				<group>
					<name>main</name>
				</group>
				<hidden>false</hidden>
				<position>5</position>
			</value>
		</entry>
		<entry>
			<key>parentRequestNumber</key>
			<value>
				<group>
					<name>main</name>
				</group>
				<hidden>true</hidden>
				<position>6</position>
			</value>
		</entry>
		
		
        <entry>
            <key>destination</key>
            <value>
                <group>
                    <name>picking</name>
                </group>
                <hidden>false</hidden>
                <position>1</position>
				<typeHint>de.linogistix.los.location.model.LOSStorageLocation</typeHint>
            </value>
        </entry>
        <entry>
            <key>user</key>
            <value>
                <group>
                    <name>picking</name>
                </group>
                <hidden>false</hidden>
                <position>2</position>
				<typeHint>org.mywms.model.User</typeHint>
            </value>
        </entry>
        <entry>
            <key>cart</key>
            <value>
                <group>
                    <name>picking</name>
                </group>
                <hidden>false</hidden>
                <position>3</position>
				<typeHint>de.linogistix.los.location.model.LOSStorageLocation</typeHint>
            </value>
        </entry>
       
		

    </descriptions>
    <groups>
        <groupPosition>10</groupPosition>
        <hidden>false</hidden>
        <name>main</name>
    </groups>
    <groups>
        <groupPosition>11</groupPosition>
        <hidden>false</hidden>
        <name>picking</name>
    </groups>
    
    
</ns2:boBeanNodeDescriptor>