<?xml version="1.0" encoding="UTF-8" standalone="yes"?>
<ns2:boBeanNodeDescriptor xmlns:ns2="http://schema.linogistix.com/bobeandescriptor">
    <descriptions>
        <entry>
            <key>labelId</key>
            <value>
                <group>
                    <name>main</name>
                </group>
                <hidden>false</hidden>
                <position>2</position>
            </value>
        </entry>
        <entry>
            <key>type</key>
            <value>
                <group>
                    <name>main</name>
                </group>
                <hidden>false</hidden>
                <position>3</position>
            </value>
        </entry>
        <entry>
            <key>index</key>
            <value>
                <group>
                    <name>main</name>
                </group>
                <hidden>true</hidden>
                <position>4</position>
            </value>
        </entry>
        <entry>
            <key>packageType</key>
            <value>
                <group>
                    <name>main</name>
                </group>
                <hidden>false</hidden>
                <position>5</position>
            </value>
        </entry>
        <entry>
            <key>storageLocation</key>
            <value>
                <group>
                    <name>main</name>
                </group>
                <hidden>false</hidden>
                <position>6</position>
            </value>
        </entry>
        <entry>
            <key>stockUnitList</key>
            <value>
                <group>
                    <name>main</name>
                </group>
                <hidden>false</hidden>
                <position>7</position>
                <typeHint>org.mywms.model.StockUnit</typeHint>
            </value>
        </entry>
		<entry>
			<key>weightNet</key>
			<value>
				<group>
					<name>main</name>
				</group>
				<hidden>true</hidden>
				<position>8</position>
			</value>
		</entry>
		<entry>
			<key>weightGross</key>
			<value>
				<group>
					<name>main</name>
				</group>
				<hidden>true</hidden>
				<position>9</position>
			</value>
		</entry>
        <entry>
            <key>stockTakingDate</key>
            <value>
                <group>
                    <name>stockTaking</name>
                </group>
                <hidden>true</hidden>
                <position>1</position>
            </value>
        </entry>
    </descriptions>
    
    <groups>
        <groupPosition>3</groupPosition>
        <hidden>false</hidden>
        <name>stockTaking</name>
    </groups>
</ns2:boBeanNodeDescriptor>