<?xml version="1.0" encoding="UTF-8" standalone="yes"?>
<ns2:boBeanNodeDescriptor xmlns:ns2="http://schema.linogistix.com/bobeandescriptor">
    <descriptions>
        <entry>
            <key>name</key>
            <value>
                <group>
                    <name>main</name>
                </group>
                <hidden>false</hidden>
                <position>1</position>
            </value>
        </entry>
        <entry>
            <key>itemData</key>
            <value>
                <group>
                    <name>main</name>
                </group>
                <hidden>false</hidden>
                <position>2</position>
            </value>
        </entry>
        <entry>
            <key>date</key>
            <value>
                <group>
                    <name>main</name>
                </group>
                <hidden>false</hidden>
                <position>3</position>
            </value>
        </entry>
        <entry>
            <key>useNotBefore</key>
            <value>
                <group>
                    <name>main</name>
                </group>
                <hidden>false</hidden>
                <position>4</position>
            </value>
        </entry>
        <entry>
            <key>bestBeforeEnd</key>
            <value>
                <group>
                    <name>main</name>
                </group>
                <hidden>false</hidden>
                <position>5</position>
            </value>
        </entry>
		<entry>
			<key>age</key>
			<value>
				<group>
					<name>main</name>
				</group>
				<hidden>true</hidden>
				<position>5</position>
			</value>
		</entry>
		<entry>
			<key>code</key>
			<value>
				<group>
					<name>main</name>
				</group>
				<hidden>true</hidden>
				<position>5</position>
			</value>
		</entry>
		<entry>
			<key>height</key>
			<value>
				<group>
					<name>measurement</name>
				</group>
				<hidden>true</hidden>
				<position>2</position>
			</value>
		</entry>
		<entry>
			<key>width</key>
			<value>
				<group>
					<name>measurement</name>
				</group>
				<hidden>true</hidden>
				<position>3</position>
			</value>
		</entry>
		<entry>
			<key>depth</key>
			<value>
				<group>
					<name>measurement</name>
				</group>
				<hidden>true</hidden>
				<position>4</position>
			</value>
		</entry>
		<entry>
			<key>volume</key>
			<value>
				<group>
					<name>measurement</name>
				</group>
				<hidden>true</hidden>
				<position>5</position>
			</value>
		</entry>
		<entry>
			<key>weight</key>
			<value>
				<group>
					<name>measurement</name>
				</group>
				<hidden>true</hidden>
				<position>6</position>
			</value>
		</entry>

    </descriptions>
    <forClass>org.mywms.model.Lot</forClass>
    <groups>
        <groupPosition>10</groupPosition>
        <hidden>false</hidden>
        <name>main</name>
    </groups>
	<groups>
		<groupPosition>40</groupPosition>
		<hidden>false</hidden>
		<name>measurement</name>
	</groups>

</ns2:boBeanNodeDescriptor>