<?xml version="1.0" encoding="UTF-8" standalone="yes"?>
<ns2:boBeanNodeDescriptor xmlns:ns2="http://schema.linogistix.com/bobeandescriptor">
    <descriptions>
		<entry>
			<key>lock</key>
			<value>
				<group>
					<name>lock</name>
				</group>
				<hidden>true</hidden>
				<position>1</position>
			</value>
		</entry>
        <entry>
            <key>name</key>
            <value>
                <group>
                    <name>main</name>
                </group>
                <hidden>false</hidden>
                <position>1</position>
            </value>
        </entry>
		<entry>
			<key>height</key>
			<value>
				<group>
					<name>measurement</name>
				</group>
				<hidden>false</hidden>
				<position>2</position>
			</value>
		</entry>
		<entry>
			<key>width</key>
			<value>
				<group>
					<name>measurement</name>
				</group>
				<hidden>false</hidden>
				<position>3</position>
			</value>
		</entry>
		<entry>
			<key>depth</key>
			<value>
				<group>
					<name>measurement</name>
				</group>
				<hidden>false</hidden>
				<position>4</position>
			</value>
		</entry>
		<entry>
			<key>volume</key>
			<value>
				<group>
					<name>measurement</name>
				</group>
				<hidden>true</hidden>
				<position>5</position>
			</value>
		</entry>
		<entry>
			<key>weight</key>
			<value>
				<group>
					<name>measurement</name>
				</group>
				<hidden>false</hidden>
				<position>6</position>
			</value>
		</entry>
		<entry>
			<key>liftingCapacity</key>
			<value>
				<group>
					<name>measurement</name>
				</group>
				<hidden>false</hidden>
				<position>7</position>
			</value>
		</entry>
    </descriptions>
	<groups>
		<groupPosition>2</groupPosition>
		<hidden>true</hidden>
		<name>lock</name>
	</groups>
	<groups>
		<groupPosition>10</groupPosition>
		<hidden>false</hidden>
		<name>main</name>
	</groups>
	<groups>
		<groupPosition>40</groupPosition>
		<hidden>false</hidden>
		<name>measurement</name>
	</groups>
</ns2:boBeanNodeDescriptor>